{
    "loss": 0.5414751172065735,
    "accuracy": 0.8155818581581116
}