{
    "loss": 0.7729650735855103,
    "accuracy": 0.7041420340538025
}